-- phpMyAdmin SQL Dump
-- version 3.5.1
-- http://www.phpmyadmin.net
--
-- Servidor: localhost
-- Tiempo de generaci칩n: 12-09-2019 a las 21:38:45
-- Versi칩n del servidor: 5.5.24-log
-- Versi칩n de PHP: 5.4.3

SET SQL_MODE="NO_AUTO_VALUE_ON_ZERO";
SET time_zone = "+00:00";


/*!40101 SET @OLD_CHARACTER_SET_CLIENT=@@CHARACTER_SET_CLIENT */;
/*!40101 SET @OLD_CHARACTER_SET_RESULTS=@@CHARACTER_SET_RESULTS */;
/*!40101 SET @OLD_COLLATION_CONNECTION=@@COLLATION_CONNECTION */;
/*!40101 SET NAMES utf8 */;

--
-- Base de datos: `casaroyales`
--

-- --------------------------------------------------------

--
-- Estructura de tabla para la tabla `asistencia`
--

CREATE TABLE IF NOT EXISTS `asistencia` (
  `id_asistencia` int(10) NOT NULL AUTO_INCREMENT,
  `unico` varchar(25) NOT NULL,
  `user_id` int(10) NOT NULL,
  `hora_entrada` time NOT NULL,
  `fecha_entrada` date NOT NULL,
  `hora_base` time NOT NULL,
  `hora_salida` time NOT NULL,
  `fecha_salida` date NOT NULL,
  `min_tardanza` time NOT NULL,
  `asistencia` int(2) NOT NULL,
  PRIMARY KEY (`id_asistencia`),
  UNIQUE KEY `unico` (`unico`)
) ENGINE=InnoDB DEFAULT CHARSET=latin1 AUTO_INCREMENT=1 ;

-- --------------------------------------------------------

--
-- Estructura de tabla para la tabla `baja_sunat`
--

CREATE TABLE IF NOT EXISTS `baja_sunat` (
  `id_baja` int(10) NOT NULL AUTO_INCREMENT,
  `id_doc1` int(10) NOT NULL,
  `numero` varchar(8) NOT NULL,
  `fecha` date NOT NULL,
  `aceptado_baja` varchar(100) NOT NULL,
  `xml` varchar(30) NOT NULL,
  `ticket` varchar(20) NOT NULL,
  `has_cpe` varchar(100) NOT NULL,
  `cod_sunat` varchar(100) NOT NULL,
  PRIMARY KEY (`id_baja`)
) ENGINE=InnoDB DEFAULT CHARSET=latin1 AUTO_INCREMENT=1 ;

-- --------------------------------------------------------

--
-- Estructura de tabla para la tabla `caja`
--

CREATE TABLE IF NOT EXISTS `caja` (
  `id_caja` int(10) NOT NULL AUTO_INCREMENT,
  `usuario_inicio` int(3) NOT NULL,
  `fec_reg` datetime NOT NULL,
  `fecha` date NOT NULL,
  `inicio` float NOT NULL,
  `cierre` float NOT NULL,
  `tienda` int(2) NOT NULL,
  `usuario_cierre` int(3) NOT NULL,
  `faltante` decimal(7,2) NOT NULL,
  `fecha_cierre` datetime NOT NULL,
  `entrada` decimal(10,2) NOT NULL,
  `salida` decimal(10,2) NOT NULL,
  PRIMARY KEY (`id_caja`)
) ENGINE=InnoDB  DEFAULT CHARSET=latin1 AUTO_INCREMENT=2 ;

--
-- Volcado de datos para la tabla `caja`
--

INSERT INTO `caja` (`id_caja`, `usuario_inicio`, `fec_reg`, `fecha`, `inicio`, `cierre`, `tienda`, `usuario_cierre`, `faltante`, `fecha_cierre`, `entrada`, `salida`) VALUES
(1, 1, '2019-07-11 20:04:52', '2019-07-11', 300, 0, 1, 0, '0.00', '0000-00-00 00:00:00', '0.00', '0.00');

-- --------------------------------------------------------

--
-- Estructura de tabla para la tabla `carrito`
--

CREATE TABLE IF NOT EXISTS `carrito` (
  `id_carrito` int(10) unsigned NOT NULL AUTO_INCREMENT,
  `clave` varchar(10) NOT NULL,
  `id_usuario` int(10) NOT NULL,
  `id_producto` int(10) NOT NULL,
  `cantidad` double NOT NULL,
  `precio` double NOT NULL,
  `fecha` datetime NOT NULL,
  PRIMARY KEY (`id_carrito`)
) ENGINE=InnoDB DEFAULT CHARSET=latin1 AUTO_INCREMENT=1 ;

-- --------------------------------------------------------

--
-- Estructura de tabla para la tabla `categorias`
--

CREATE TABLE IF NOT EXISTS `categorias` (
  `id_categoria` int(10) NOT NULL AUTO_INCREMENT,
  `nom_cat` varchar(50) CHARACTER SET utf8 NOT NULL,
  `des_cat` varchar(100) NOT NULL,
  PRIMARY KEY (`id_categoria`),
  UNIQUE KEY `nom_cat` (`nom_cat`)
) ENGINE=InnoDB  DEFAULT CHARSET=latin1 AUTO_INCREMENT=2 ;

--
-- Volcado de datos para la tabla `categorias`
--

INSERT INTO `categorias` (`id_categoria`, `nom_cat`, `des_cat`) VALUES
(1, 'CAT 1', 'CATEGORIA 1');

-- --------------------------------------------------------

--
-- Estructura de tabla para la tabla `clientes`
--

CREATE TABLE IF NOT EXISTS `clientes` (
  `id_cliente` int(11) NOT NULL AUTO_INCREMENT,
  `nombre_cliente` varchar(255) NOT NULL,
  `telefono_cliente` char(30) NOT NULL,
  `email_cliente` varchar(64) NOT NULL,
  `direccion_cliente` varchar(255) NOT NULL,
  `status_cliente` tinyint(4) NOT NULL,
  `date_added` datetime NOT NULL,
  `doc` varchar(15) NOT NULL,
  `dni` varchar(10) NOT NULL,
  `ce` varchar(12) NOT NULL,
  `vendedor` varchar(100) NOT NULL,
  `pais` text NOT NULL,
  `departamento` text NOT NULL,
  `provincia` text NOT NULL,
  `distrito` text NOT NULL,
  `cuenta` text NOT NULL,
  `tipo1` int(2) NOT NULL,
  `tienda` int(10) NOT NULL,
  `users` int(5) NOT NULL,
  `deuda` decimal(8,2) NOT NULL,
  `debe` decimal(8,2) NOT NULL,
  `documento` varchar(12) NOT NULL,
  PRIMARY KEY (`id_cliente`)
) ENGINE=MyISAM  DEFAULT CHARSET=utf8 AUTO_INCREMENT=266 ;

--
-- Volcado de datos para la tabla `clientes`
--

INSERT INTO `clientes` (`id_cliente`, `nombre_cliente`, `telefono_cliente`, `email_cliente`, `direccion_cliente`, `status_cliente`, `date_added`, `doc`, `dni`, `ce`, `vendedor`, `pais`, `departamento`, `provincia`, `distrito`, `cuenta`, `tipo1`, `tienda`, `users`, `deuda`, `debe`, `documento`) VALUES
(1, 'CLIENTES VARIOS', '', '', '', 1, '0000-00-00 00:00:00', '0', '11111111', '0', '', 'Peru', '', '', '', '', 1, 1, 0, '0.00', '0.00', '11111111'),
(263, 'CLIENTE EXTRANJERO', '', '', '', 1, '2019-07-16 20:55:54', '0', '0', '123456789101', '', 'Peru', '', '', '', '', 1, 1, 0, '0.00', '0.00', '123456789101'),
(264, 'ROJAS CHANAMOTH MARIO JHUNIOR', '', '', 'LT. 1 MZ. K A.H. 19 DE MAYO LIMA - LIMA - LOS OLIVOS', 1, '2019-07-16 22:09:31', '10725799093', '0', '0', '', 'Peru', 'LIMA', 'LIMA', 'LOS OLIVOS', '', 1, 1, 0, '0.00', '0.00', '10725799093'),
(265, 'ASASA', 'SAS', 'ASAS@ASD.COM', 'SASAS', 1, '2019-08-05 18:52:25', '11111111-1', '0', '0', '', 'Peru', 'ASASAS', 'ASASa', 'SASA', '', 1, 1, 0, '0.00', '0.00', '11111111-1');

-- --------------------------------------------------------

--
-- Estructura de tabla para la tabla `comentarios`
--

CREATE TABLE IF NOT EXISTS `comentarios` (
  `id_comentario` int(10) NOT NULL AUTO_INCREMENT,
  `id_producto` int(10) NOT NULL,
  `nombre` varchar(50) NOT NULL,
  `comentario` text NOT NULL,
  `correo` varchar(100) NOT NULL,
  PRIMARY KEY (`id_comentario`)
) ENGINE=InnoDB DEFAULT CHARSET=latin1 AUTO_INCREMENT=1 ;

-- --------------------------------------------------------

--
-- Estructura de tabla para la tabla `comprobante_pago`
--

CREATE TABLE IF NOT EXISTS `comprobante_pago` (
  `id_comprobante` int(2) NOT NULL,
  `cod_comprobante` varchar(3) NOT NULL,
  `des_comprobante` text NOT NULL,
  PRIMARY KEY (`id_comprobante`)
) ENGINE=InnoDB DEFAULT CHARSET=latin1;

--
-- Volcado de datos para la tabla `comprobante_pago`
--

INSERT INTO `comprobante_pago` (`id_comprobante`, `cod_comprobante`, `des_comprobante`) VALUES
(1, '01', 'Factura'),
(2, '03', 'Boleta de Venta'),
(3, '100', 'Guia'),
(4, '02', 'Recibo por Honorarios'),
(5, '00', 'Otros (especificar)'),
(6, '05', 'Boleto de compa&ntilde;a de aviaci&oacute;n comercial por el servicio de transporte a&eacute;reo de pasajeros'),
(7, '16', 'Boleto de viaje emitido por las empresas de transporte p&uacute;blico interprovincial de pasajeros dentro del pa&sacute;s'),
(8, '15', 'Boleto emitido por las empresas de transporte p&uacute;blico urbano de pasajeros'),
(9, '19', 'Boleto o entrada por atracciones y espect&aacute;culos p&uacute;blicos'),
(10, '06', 'Carta de porte a&eacute;reo por el servicio de transporte de carga a&eacute;rea'),
(11, '24', 'Certificado de pago de regal&iacute;as emitidas por PERUPETRO S.A'),
(12, '91', 'Comprobante de No Domiciliado                                                 '),
(13, '20', 'Comprobante de Retenci&oacute;n'),
(14, '22', 'Comprobante por Operaciones No Habituales'),
(15, '21', 'Conocimiento de embarque por el servicio de transporte de carga mar&iacute;tima'),
(16, '53', 'Declaraci&oacute;n de Mensajer&iacute;a o Courier                                         '),
(17, '50', 'Declaraci&oacute;n &uacute;nica de Aduanas - Importaci&oacute;n definitiva                 '),
(18, '52', 'Despacho Simplificado - Importaci&oacute;n Simplificada                        '),
(19, '25', 'Documento de Atribuci&oacute;n (Ley del Impuesto General a las Ventas e Impuesto Selectivo al Consumo, Art. 19, &uacute;ltimo p?rrafo, R.S. Nro 022-98-SUNAT).'),
(20, '34', 'Documento del Operador'),
(21, '35', 'Documento del Part&iacute;cipe'),
(22, '13', 'Documento emitido por bancos, instituciones financieras, crediticias y de seguros que se encuentren bajo el control de la Superintendencia de Banca y Seguros'),
(23, '17', 'Documento emitido por la Iglesia Cat&oacute;lica por el arrendamiento de bienes inmuebles'),
(24, '18', 'Documento emitido por las Administradoras Privadas de Fondo de Pensiones que se encuentran bajo la supervisi&oacute;n de la Superintendencia de Administradoras Privadas de Fondos de Pensiones'),
(25, '29', 'Documentos emitidos por la COFOPRI en calidad de oferta de venta de terrenos, los correspondientes a las subastas p&uacute;blicas y a la retribuci&oacute;n de los servicios que presta'),
(26, '30', 'Documentos emitidos por las empresas que desempe&ntilde;an el rol adquirente en los sistemas de pago mediante tarjetas de cr&eacute;dito y d&eacute;bito'),
(27, '32', 'Documentos emitidos por las empresas recaudadoras de la denominada Garant&iacute;a de Red Principal a la que hace referencia el numeral 7.6 del art&iacute;culo 7 de la Ley Nro 27133 ? Ley de Promoci&oacute;n del Desarrollo de la Industria del Gas Natural'),
(28, '37', 'Documentos que emitan los concesionarios del servicio de revisiones t&eacute;cnicas vehiculares, por la prestaci&oacute;n de dicho servicio'),
(29, '96', 'Exceso de cr&eacute;dito fiscal por retiro de bienes                           '),
(30, '09', 'Gu?a de remisi&oacute;n - Remitente'),
(31, '31', 'Gu&iacute;a de Remisi&oacute;n - Transportista'),
(32, '54', 'Liquidaci&oacute;n de Cobranza                                                     '),
(33, '04', 'Liquidaci&oacute;n de compra'),
(34, '07', 'Nota de cr&eacute;dito'),
(35, '97', 'Nota de Cr&eacute;dito - No Domiciliado'),
(36, '87', 'Nota de Cr&eacute;dito Especial'),
(37, '08', 'Nota de d&eacute;bito'),
(38, '98', 'Nota de D&eacute;bito - No Domiciliado'),
(39, '88', 'Nota de D&eacute;bito Especial'),
(40, '99', 'Otros -Consolidado de Boletas de Venta'),
(41, '11', 'P&oacute;liza emitida por las Bolsas de Valores, Bolsas de Productos o Agentes de Intermediaci&oacute;n por operaciones realizadas en las Bolsas de Valores o Productos o fuera de las mismas, autorizadas por CONASEV'),
(42, '23', 'P&oacute;lizas de Adjudicaci&oacute;n emitidas con ocasi&oacute;n del remate o adjudicaci&oacute;n de bienes por venta forzada, por los martilleros o las entidades que rematen o subasten bienes por cuenta de terceros'),
(43, '36', 'Recibo de Distribuci&oacute;n de Gas Natural'),
(44, '10', 'Recibo por Arrendamiento'),
(45, '26', 'Recibo por el Pago de la Tarifa por Uso de Agua Superficial con fines agrarios y por el pago de la Cuota para la ejecuci&oacute;n de una determinada obra o actividad acordada por la Asamblea General de la Comisi&oacute;n de Regantes o Resoluci&oacute;n expedida por el Jefe de la Unidad de Aguas y de Riego (Decreto Supremo Nro 003-90-AG, Arts. 28 y 48)'),
(46, '14', 'Recibo por servicios p&uacute;blicos de suministro de energ&iacute;a el&eacute;ctrica, agua, tel&eacute;fono, telex y telegr&aacute;ficos y otros servicios complementarios que se incluyan en el recibo de servicio p&uacute;blico.'),
(47, '27', 'Seguro Complementario de Trabajo de Riesgo'),
(48, '28', 'Tarifa Unificada de Uso de Aeropuerto'),
(49, '12', 'Ticket o cinta emitido por m&aacute;quina registradora');

-- --------------------------------------------------------

--
-- Estructura de tabla para la tabla `consultas`
--

CREATE TABLE IF NOT EXISTS `consultas` (
  `id` int(10) NOT NULL AUTO_INCREMENT,
  `tipo` int(2) NOT NULL,
  `a1` text NOT NULL,
  `a2` text NOT NULL,
  `a3` text NOT NULL,
  `a4` text NOT NULL,
  `a5` text NOT NULL,
  `a6` text NOT NULL,
  PRIMARY KEY (`id`)
) ENGINE=InnoDB DEFAULT CHARSET=latin1 AUTO_INCREMENT=1 ;

-- --------------------------------------------------------

--
-- Estructura de tabla para la tabla `contacto`
--

CREATE TABLE IF NOT EXISTS `contacto` (
  `id_contacto` int(10) unsigned NOT NULL AUTO_INCREMENT,
  `nom_cont` varchar(100) NOT NULL,
  `email` varchar(100) NOT NULL,
  `fecha` datetime NOT NULL,
  `tema` varchar(100) NOT NULL,
  `mensaje` text NOT NULL,
  PRIMARY KEY (`id_contacto`)
) ENGINE=InnoDB DEFAULT CHARSET=latin1 AUTO_INCREMENT=1 ;

-- --------------------------------------------------------

--
-- Estructura de tabla para la tabla `cuentas`
--

CREATE TABLE IF NOT EXISTS `cuentas` (
  `id` int(10) unsigned zerofill NOT NULL AUTO_INCREMENT,
  `cod_cue` int(4) NOT NULL,
  `nom_cue` text NOT NULL,
  PRIMARY KEY (`id`)
) ENGINE=InnoDB DEFAULT CHARSET=latin1 AUTO_INCREMENT=1 ;

-- --------------------------------------------------------

--
-- Estructura de tabla para la tabla `datosempresa`
--

CREATE TABLE IF NOT EXISTS `datosempresa` (
  `nom_emp` varchar(200) NOT NULL,
  `id_emp` int(2) NOT NULL,
  `tienda` int(10) NOT NULL,
  `des_emp` text NOT NULL,
  `mis_emp` text NOT NULL,
  `vis_emp` text NOT NULL,
  `tel_emp` varchar(200) NOT NULL,
  `dir_emp` varchar(300) NOT NULL,
  `email_emp` text NOT NULL,
  `face_emp` varchar(200) NOT NULL,
  `tiwter_emp` text NOT NULL,
  `youtube_emp` text NOT NULL,
  `linkedin_emp` text NOT NULL,
  `dolar` float NOT NULL,
  `alerta` double NOT NULL,
  `logo` varchar(20) NOT NULL,
  `fotovision` varchar(20) NOT NULL,
  `fotomision` varchar(20) NOT NULL,
  `slider1` varchar(20) NOT NULL,
  `slider2` varchar(20) NOT NULL,
  `slider3` varchar(20) NOT NULL,
  `slider4` varchar(20) NOT NULL,
  `slider5` varchar(20) NOT NULL,
  `comentario1` text NOT NULL,
  `comentario2` text NOT NULL,
  `comentario3` text NOT NULL,
  `comentario4` text NOT NULL,
  `comentario5` text NOT NULL,
  `precio2` decimal(7,2) NOT NULL,
  `precio3` decimal(7,2) NOT NULL,
  `fac_ele` int(2) NOT NULL,
  `usuariosol` varchar(30) NOT NULL,
  `clavesol` varchar(30) NOT NULL,
  `clave` varchar(50) NOT NULL,
  PRIMARY KEY (`id_emp`)
) ENGINE=InnoDB DEFAULT CHARSET=latin1;

--
-- Volcado de datos para la tabla `datosempresa`
--

INSERT INTO `datosempresa` (`nom_emp`, `id_emp`, `tienda`, `des_emp`, `mis_emp`, `vis_emp`, `tel_emp`, `dir_emp`, `email_emp`, `face_emp`, `tiwter_emp`, `youtube_emp`, `linkedin_emp`, `dolar`, `alerta`, `logo`, `fotovision`, `fotomision`, `slider1`, `slider2`, `slider3`, `slider4`, `slider5`, `comentario1`, `comentario2`, `comentario3`, `comentario4`, `comentario5`, `precio2`, `precio3`, `fac_ele`, `usuariosol`, `clavesol`, `clave`) VALUES
('RESTAURANT', 1, 1, 'APK', '-', '-', '-', ' ', '-', '-', '-', '-', '-', 12, 10, 'logo.jpg', 'vision.jpg', 'mision.jpg', 'fotoHRtLZR2r.jpg', 'fotogMheCAPJ.jpg', 'fotogc7lAaze.jpg', '', '', 'comentario11', 'comentario21', 'comentario31', 'comentario41', 'comentario516', '10.00', '20.00', 3, 'MODDATOS', 'moddatos', '');

-- --------------------------------------------------------

--
-- Estructura de tabla para la tabla `destino`
--

CREATE TABLE IF NOT EXISTS `destino` (
  `id_destino` int(11) NOT NULL AUTO_INCREMENT,
  `nombre_destino` varchar(255) COLLATE utf8_spanish2_ci NOT NULL,
  PRIMARY KEY (`id_destino`)
) ENGINE=InnoDB  DEFAULT CHARSET=utf8 COLLATE=utf8_spanish2_ci AUTO_INCREMENT=3 ;

--
-- Volcado de datos para la tabla `destino`
--

INSERT INTO `destino` (`id_destino`, `nombre_destino`) VALUES
(1, 'COCINA'),
(2, 'BAR');

-- --------------------------------------------------------

--
-- Estructura de tabla para la tabla `detalle_factura`
--

CREATE TABLE IF NOT EXISTS `detalle_factura` (
  `id_detalle` int(11) NOT NULL AUTO_INCREMENT,
  `id_cliente` int(10) NOT NULL,
  `id_vendedor` int(10) NOT NULL,
  `numero_factura` int(11) NOT NULL,
  `ot` varchar(20) NOT NULL,
  `id_producto` varchar(100) NOT NULL,
  `cantidad` int(11) NOT NULL,
  `precio_venta` decimal(7,2) NOT NULL,
  `tienda` int(2) NOT NULL,
  `activo` int(1) NOT NULL,
  `ven_com` int(2) NOT NULL,
  `fecha` datetime NOT NULL,
  `precio_compra` decimal(7,2) NOT NULL,
  `tipo_doc` int(2) NOT NULL,
  `inv_ini` double NOT NULL,
  `moneda` decimal(4,2) NOT NULL,
  `folio` varchar(5) NOT NULL,
  PRIMARY KEY (`id_detalle`),
  KEY `numero_cotizacion` (`numero_factura`,`id_producto`)
) ENGINE=MyISAM  DEFAULT CHARSET=utf8 AUTO_INCREMENT=4955 ;

--
-- Volcado de datos para la tabla `detalle_factura`
--

INSERT INTO `detalle_factura` (`id_detalle`, `id_cliente`, `id_vendedor`, `numero_factura`, `ot`, `id_producto`, `cantidad`, `precio_venta`, `tienda`, `activo`, `ven_com`, `fecha`, `precio_compra`, `tipo_doc`, `inv_ini`, `moneda`, `folio`) VALUES
(4950, 1, 1, 1, '0', '1369', 1, '25.00', 1, 1, 1, '2019-08-02 15:39:33', '1.00', 3, 990, '1.00', 'T001'),
(4951, 1, 1, 1, '0', '1369', 1, '25.00', 1, 1, 1, '2019-08-02 15:39:33', '1.00', 3, 990, '1.00', 'T001'),
(4952, 1, 1, 1, '1', '1373', 1, '22.00', 1, 1, 1, '2019-08-02 20:08:47', '1.00', 3, 1, '1.00', 'T001'),
(4953, 1, 1, 2, '0', '1372', 1, '20.00', 1, 1, 1, '2019-08-02 16:25:05', '2.00', 3, 40, '1.00', 'T001'),
(4954, 1, 1, 2, '1', '1369', 1, '25.00', 1, 1, 1, '2019-08-02 21:08:23', '1.00', 3, 1, '1.00', 'T001');

-- --------------------------------------------------------

--
-- Estructura de tabla para la tabla `documento`
--

CREATE TABLE IF NOT EXISTS `documento` (
  `id_documento` int(2) NOT NULL AUTO_INCREMENT,
  `tipo` varchar(12) NOT NULL,
  `numero` double NOT NULL,
  `tienda1` varchar(10) NOT NULL,
  `tienda2` varchar(10) NOT NULL,
  `tienda3` varchar(10) NOT NULL,
  `tienda4` varchar(10) NOT NULL,
  `tienda5` varchar(10) NOT NULL,
  `tienda6` varchar(10) NOT NULL,
  `folio1` varchar(5) NOT NULL,
  `folio2` varchar(5) NOT NULL,
  `folio3` varchar(5) NOT NULL,
  `folio4` varchar(5) NOT NULL,
  `folio5` varchar(5) NOT NULL,
  `folio6` varchar(5) NOT NULL,
  PRIMARY KEY (`id_documento`)
) ENGINE=MyISAM  DEFAULT CHARSET=latin1 AUTO_INCREMENT=11 ;

--
-- Volcado de datos para la tabla `documento`
--

INSERT INTO `documento` (`id_documento`, `tipo`, `numero`, `tienda1`, `tienda2`, `tienda3`, `tienda4`, `tienda5`, `tienda6`, `folio1`, `folio2`, `folio3`, `folio4`, `folio5`, `folio6`) VALUES
(6, 'nota_credito', 0, '0', '0', '0', '0', '0', '0', 'FC01', 'F002', 'F003', 'FC04', 'F005', 'F006'),
(5, 'nota_debito', 0, '0', '0', '0', '0', '0', '0', 'FD01', 'F002', 'F003', 'FN04', 'F005', 'F006'),
(4, 'remision', 0, '0', '0', '0', '0', '0', '0', 'T001', 'T002', 'T003', 'T004', 'T005', 'T006'),
(3, 'guia', 0, '2', '0', '0', '0', '0', '0', 'T001', 'V002', 'V003', 'V004', 'V005', 'V006'),
(2, 'boleta', 0, '0', '0', '0', '0', '0', '0', 'B001', 'B002', 'B003', 'B004', 'B005', 'B006'),
(1, 'factura', 0, '0', '0', '0', '0', '0', '0', 'F001', 'F002', 'F003', 'F004', 'F005', 'F006'),
(7, 'Resumen', 0, '0', '0', '0', '0', '0', '0', 'F001', 'F002', 'F003', 'F004', 'F005', 'F006'),
(8, 'cotizacion', 0, '0', '0', '0', '0', '0', '0', 'C001', 'C002', 'C003', 'C004', 'C005', 'C006'),
(9, 'nota_debito', 0, '0', '0', '0', '0', '0', '0', 'BD01', 'B002', 'B003', 'BC04', 'B005', 'B006'),
(10, 'nota_credito', 0, '0', '0', '0', '0', '0', '0', 'BC01', 'B002', 'B003', 'BN04', 'B005', 'B006');

-- --------------------------------------------------------

--
-- Estructura de tabla para la tabla `documentos_electronicos`
--

CREATE TABLE IF NOT EXISTS `documentos_electronicos` (
  `id_doc` int(10) NOT NULL AUTO_INCREMENT,
  `ruc` int(11) NOT NULL,
  `obs` text,
  `url_xml` text NOT NULL,
  `hash_cpe` text NOT NULL,
  `hash_cdr` text NOT NULL,
  `msj_sunat` text NOT NULL,
  `ruta_cdr` text NOT NULL,
  `tipo` varchar(20) NOT NULL,
  `doc` varchar(30) NOT NULL,
  PRIMARY KEY (`id_doc`)
) ENGINE=InnoDB DEFAULT CHARSET=latin1 AUTO_INCREMENT=1 ;

-- --------------------------------------------------------

--
-- Estructura de tabla para la tabla `facturas`
--

CREATE TABLE IF NOT EXISTS `facturas` (
  `id_factura` int(11) NOT NULL AUTO_INCREMENT,
  `numero_factura` varchar(30) NOT NULL,
  `fecha_factura` datetime NOT NULL,
  `cod_hash` varchar(40) NOT NULL,
  `doc_mod` varchar(20) NOT NULL,
  `id_cliente` int(11) NOT NULL,
  `baja` varchar(30) NOT NULL,
  `id_vendedor` int(11) NOT NULL,
  `condiciones` int(1) NOT NULL,
  `total_venta` decimal(7,2) NOT NULL,
  `deuda_total` decimal(7,2) NOT NULL,
  `estado_factura` text NOT NULL,
  `tienda` int(2) NOT NULL,
  `ven_com` int(2) NOT NULL,
  `activo` int(2) NOT NULL,
  `servicio` int(2) NOT NULL,
  `moneda` double NOT NULL,
  `nombre` varchar(200) NOT NULL,
  `obs` varchar(200) NOT NULL,
  `cuenta1` decimal(7,3) NOT NULL,
  `fec_eli` date NOT NULL,
  `dias` int(2) NOT NULL,
  `folio` varchar(5) NOT NULL,
  `des` int(2) NOT NULL,
  `aceptado` varchar(100) NOT NULL,
  `resumen` int(2) NOT NULL,
  `motivo` varchar(2) NOT NULL,
  `tipo` int(2) NOT NULL,
  `id_mesa` int(11) DEFAULT NULL,
  `is_applied` tinyint(1) NOT NULL DEFAULT '0',
  `observaciones` text,
  PRIMARY KEY (`id_factura`)
) ENGINE=MyISAM  DEFAULT CHARSET=utf8 AUTO_INCREMENT=1242 ;

--
-- Volcado de datos para la tabla `facturas`
--

INSERT INTO `facturas` (`id_factura`, `numero_factura`, `fecha_factura`, `cod_hash`, `doc_mod`, `id_cliente`, `baja`, `id_vendedor`, `condiciones`, `total_venta`, `deuda_total`, `estado_factura`, `tienda`, `ven_com`, `activo`, `servicio`, `moneda`, `nombre`, `obs`, `cuenta1`, `fec_eli`, `dias`, `folio`, `des`, `aceptado`, `resumen`, `motivo`, `tipo`, `id_mesa`, `is_applied`, `observaciones`) VALUES
(1240, '1', '2019-09-12 14:23:07', '0', 'undefined', 1, '0', 1, 1, '0.00', '0.00', '3', 1, 1, 1, 1, 1, '0', '', '0.000', '2018-11-11', 0, 'T001', 0, '', 0, 'un', 0, 6, 0, ''),
(1241, '2', '2019-09-12 17:11:30', '0', 'undefined', 1, '0', 1, 1, '0.00', '0.00', '3', 1, 1, 1, 1, 1, '0', '', '0.000', '2018-11-11', 0, 'T001', 0, '', 0, 'un', 0, 8, 0, '');

-- --------------------------------------------------------

--
-- Estructura de tabla para la tabla `fotos`
--

CREATE TABLE IF NOT EXISTS `fotos` (
  `id_foto` int(10) NOT NULL AUTO_INCREMENT,
  `nom_foto` varchar(30) NOT NULL,
  `archivo` text NOT NULL,
  `largo` varchar(10) NOT NULL,
  `ancho` varchar(10) NOT NULL,
  `ubi_pag` varchar(30) NOT NULL,
  PRIMARY KEY (`id_foto`)
) ENGINE=InnoDB DEFAULT CHARSET=latin1 AUTO_INCREMENT=1 ;

-- --------------------------------------------------------

--
-- Estructura de tabla para la tabla `guia`
--

CREATE TABLE IF NOT EXISTS `guia` (
  `id` int(10) unsigned NOT NULL AUTO_INCREMENT,
  `id_doc` int(10) NOT NULL,
  `serie` varchar(4) NOT NULL,
  `guia` int(8) NOT NULL,
  `dir_par` varchar(100) NOT NULL,
  `dom_lleg` text NOT NULL,
  `cont_lleg` text NOT NULL,
  `tel_lleg` text NOT NULL,
  `fecha_lleg` date NOT NULL,
  `vehiculo` text NOT NULL,
  `inscripcion` text NOT NULL,
  `lic` text NOT NULL,
  `fecha` date NOT NULL,
  `CODMOTIVO_TRASLADO` varchar(2) NOT NULL,
  `MOTIVO_TRASLADO` varchar(10) NOT NULL,
  `PESO` decimal(10,3) NOT NULL,
  `NUMERO_PAQUETES` int(5) NOT NULL,
  `UBIGEO_DESTINO` varchar(10) NOT NULL,
  `UBIGEO_PARTIDA` varchar(10) NOT NULL,
  `NRO_DOCUMENTO_TRANSPORTE` int(11) NOT NULL,
  `RAZON_SOCIAL_TRANSPORTE` varchar(150) NOT NULL,
  `CODTIPO_TRANSPORTISTA` varchar(2) NOT NULL,
  `hash_cpe` varchar(100) NOT NULL,
  `cod_sunat` varchar(100) NOT NULL,
  `aceptado_guia` varchar(100) NOT NULL,
  `doc_guia` varchar(50) NOT NULL,
  PRIMARY KEY (`id`)
) ENGINE=InnoDB DEFAULT CHARSET=latin1 AUTO_INCREMENT=1 ;

-- --------------------------------------------------------

--
-- Estructura de tabla para la tabla `laborales`
--

CREATE TABLE IF NOT EXISTS `laborales` (
  `id_laboral` int(10) NOT NULL AUTO_INCREMENT,
  `cod_var` varchar(10) NOT NULL,
  `variables` text NOT NULL,
  `des_var` text NOT NULL,
  `col_var` varchar(10) NOT NULL,
  PRIMARY KEY (`id_laboral`)
) ENGINE=MyISAM  DEFAULT CHARSET=latin1 AUTO_INCREMENT=8 ;

-- --------------------------------------------------------

--
-- Estructura de tabla para la tabla `mesas`
--

CREATE TABLE IF NOT EXISTS `mesas` (
  `id_mesa` int(11) NOT NULL AUTO_INCREMENT,
  `id_sala` int(11) NOT NULL,
  `nombre_mesa` varchar(100) COLLATE utf8_spanish2_ci NOT NULL,
  `mesa_creada` datetime NOT NULL,
  `status_mesa` int(1) NOT NULL,
  `tienda` int(11) NOT NULL,
  PRIMARY KEY (`id_mesa`)
) ENGINE=InnoDB  DEFAULT CHARSET=utf8 COLLATE=utf8_spanish2_ci AUTO_INCREMENT=16 ;

--
-- Volcado de datos para la tabla `mesas`
--

INSERT INTO `mesas` (`id_mesa`, `id_sala`, `nombre_mesa`, `mesa_creada`, `status_mesa`, `tienda`) VALUES
(6, 2, '1', '2019-08-02 15:38:35', 1, 1),
(7, 2, '1', '2019-08-02 15:38:37', 0, 1),
(8, 2, '3', '2019-08-02 15:38:41', 1, 1),
(9, 2, '4', '2019-08-02 15:38:42', 0, 1),
(10, 2, '5', '2019-08-02 15:38:44', 0, 1),
(11, 2, '6', '2019-08-02 15:38:45', 0, 1),
(12, 2, '7', '2019-08-02 15:38:47', 0, 1),
(13, 2, '8', '2019-08-02 15:38:48', 0, 1),
(14, 2, '9', '2019-08-02 15:38:50', 0, 1),
(15, 2, '10', '2019-08-02 15:38:53', 0, 1);

-- --------------------------------------------------------

--
-- Estructura de tabla para la tabla `pagos`
--

CREATE TABLE IF NOT EXISTS `pagos` (
  `id` int(10) NOT NULL AUTO_INCREMENT,
  `id_pago` int(10) NOT NULL,
  `id_factura` int(10) NOT NULL,
  `pago` decimal(10,2) NOT NULL,
  PRIMARY KEY (`id`)
) ENGINE=InnoDB DEFAULT CHARSET=latin1 AUTO_INCREMENT=1 ;

-- --------------------------------------------------------

--
-- Estructura de tabla para la tabla `products`
--

CREATE TABLE IF NOT EXISTS `products` (
  `id_producto` int(11) NOT NULL AUTO_INCREMENT,
  `codigo_producto` char(20) NOT NULL,
  `nombre_producto` text NOT NULL,
  `status_producto` tinyint(4) NOT NULL,
  `date_added` datetime NOT NULL,
  `precio_producto` decimal(7,2) NOT NULL,
  `costo_producto` decimal(7,2) NOT NULL,
  `mon_costo` decimal(4,2) NOT NULL,
  `mon_venta` int(2) NOT NULL,
  `marca` varchar(50) NOT NULL,
  `modelo` varchar(50) NOT NULL,
  `color` varchar(50) NOT NULL,
  `b1` decimal(5,2) NOT NULL,
  `b2` decimal(5,2) NOT NULL,
  `b3` decimal(5,2) NOT NULL,
  `b4` decimal(5,2) NOT NULL,
  `b5` decimal(5,2) NOT NULL,
  `b6` decimal(5,2) NOT NULL,
  `cat_pro` int(2) NOT NULL,
  `pro_ser` int(2) NOT NULL,
  `foto1` varchar(100) NOT NULL,
  `foto2` varchar(100) NOT NULL,
  `foto3` varchar(100) NOT NULL,
  `foto4` varchar(100) NOT NULL,
  `web` int(2) NOT NULL,
  `pre_web` decimal(7,2) NOT NULL,
  `descripcion` text NOT NULL,
  `descripcion1` text NOT NULL,
  `megusta` int(10) NOT NULL,
  `nomegusta` int(10) NOT NULL,
  `precio2` decimal(7,2) NOT NULL,
  `precio3` decimal(7,2) NOT NULL,
  `und_pro` int(3) NOT NULL,
  `destino` int(11) NOT NULL,
  `options` text,
  PRIMARY KEY (`id_producto`)
) ENGINE=MyISAM  DEFAULT CHARSET=utf8 AUTO_INCREMENT=1374 ;

--
-- Volcado de datos para la tabla `products`
--

INSERT INTO `products` (`id_producto`, `codigo_producto`, `nombre_producto`, `status_producto`, `date_added`, `precio_producto`, `costo_producto`, `mon_costo`, `mon_venta`, `marca`, `modelo`, `color`, `b1`, `b2`, `b3`, `b4`, `b5`, `b6`, `cat_pro`, `pro_ser`, `foto1`, `foto2`, `foto3`, `foto4`, `web`, `pre_web`, `descripcion`, `descripcion1`, `megusta`, `nomegusta`, `precio2`, `precio3`, `und_pro`, `destino`, `options`) VALUES
(1369, '00001', 'ARROZ CON POLLO', 1, '2019-07-11 20:06:24', '25.00', '1.00', '1.00', 1, '-', '-', '-', '990.00', '0.00', '0.00', '0.00', '0.00', '0.00', 1, 1, 'nuevo.jpg', 'nuevo.jpg', 'nuevo.jpg', 'nuevo.jpg', 1, '20.00', '', '', 0, 0, '0.00', '0.00', 1, 1, '-'),
(1372, '00002', 'PURE CON FILETE', 1, '2019-08-02 15:37:43', '20.00', '2.00', '1.00', 1, '-', '-', '-', '40.00', '0.00', '0.00', '0.00', '0.00', '0.00', 1, 1, 'nuevo.jpg', 'nuevo.jpg', 'nuevo.jpg', 'nuevo.jpg', 1, '2000.00', '', '', 0, 0, '0.00', '0.00', 1, 1, '-'),
(1373, '00003', 'SALMON CON PAPAS DUQUESAS', 1, '2019-08-02 15:47:43', '22.00', '5.00', '1.00', 1, '-', '-', '-', '40.00', '0.00', '0.00', '0.00', '0.00', '0.00', 1, 1, 'nuevo.jpg', 'nuevo.jpg', 'nuevo.jpg', 'nuevo.jpg', 1, '2000.00', '', '', 0, 0, '0.00', '0.00', 1, 1, '-');

-- --------------------------------------------------------

--
-- Estructura de tabla para la tabla `resumen_documentos`
--

CREATE TABLE IF NOT EXISTS `resumen_documentos` (
  `id_resumen` int(10) NOT NULL AUTO_INCREMENT,
  `numero` varchar(8) NOT NULL,
  `fecha` date NOT NULL,
  `aceptado_resumen` varchar(100) NOT NULL,
  `xml` varchar(30) NOT NULL,
  `ticket` varchar(20) NOT NULL,
  `hash_cpe` varchar(100) NOT NULL,
  `cod_sunat` varchar(100) NOT NULL,
  PRIMARY KEY (`id_resumen`)
) ENGINE=InnoDB DEFAULT CHARSET=latin1 AUTO_INCREMENT=1 ;

-- --------------------------------------------------------

--
-- Estructura de tabla para la tabla `ruc`
--

CREATE TABLE IF NOT EXISTS `ruc` (
  `id` int(11) NOT NULL AUTO_INCREMENT,
  `ruc` text NOT NULL,
  `nombre` text NOT NULL,
  `direccion` text NOT NULL,
  `departamento` text NOT NULL,
  `provincia` text NOT NULL,
  `distrito` text NOT NULL,
  `telefono` text NOT NULL,
  `email` text NOT NULL,
  `web` text NOT NULL,
  `rubro` text NOT NULL,
  PRIMARY KEY (`id`)
) ENGINE=MyISAM DEFAULT CHARSET=latin1 AUTO_INCREMENT=1 ;

-- --------------------------------------------------------

--
-- Estructura de tabla para la tabla `salas`
--

CREATE TABLE IF NOT EXISTS `salas` (
  `id_sala` int(11) NOT NULL AUTO_INCREMENT,
  `nombre_sala` varchar(100) COLLATE utf8_spanish2_ci NOT NULL,
  `sala_creada` datetime NOT NULL,
  `tienda` int(11) NOT NULL,
  PRIMARY KEY (`id_sala`)
) ENGINE=InnoDB  DEFAULT CHARSET=utf8 COLLATE=utf8_spanish2_ci AUTO_INCREMENT=3 ;

--
-- Volcado de datos para la tabla `salas`
--

INSERT INTO `salas` (`id_sala`, `nombre_sala`, `sala_creada`, `tienda`) VALUES
(2, 'PRINCIPAL', '2019-08-02 15:38:21', 1);

-- --------------------------------------------------------

--
-- Estructura de tabla para la tabla `servicio`
--

CREATE TABLE IF NOT EXISTS `servicio` (
  `id_servicio` int(10) NOT NULL AUTO_INCREMENT,
  `id_cliente` int(10) NOT NULL,
  `user_id` int(10) NOT NULL,
  `doc_servicio` varchar(30) NOT NULL,
  `tienda` int(2) NOT NULL,
  `nom_ser` varchar(100) NOT NULL,
  `tipo` int(2) NOT NULL,
  `pre_ser` decimal(5,2) NOT NULL,
  `ade_ser` decimal(5,2) NOT NULL,
  `fecha` varchar(20) NOT NULL,
  `des_ser` text NOT NULL,
  `car1` varchar(200) NOT NULL,
  `car2` varchar(200) NOT NULL,
  `car3` varchar(200) NOT NULL,
  `car4` varchar(200) NOT NULL,
  `car5` varchar(200) NOT NULL,
  `car6` varchar(200) NOT NULL,
  `com_ser` text NOT NULL,
  `ter_ser` int(2) NOT NULL,
  `cancelado` int(2) NOT NULL,
  `telefono1` varchar(100) NOT NULL,
  `guia` varchar(100) NOT NULL,
  `tip_doc` int(2) NOT NULL,
  `activo` int(2) NOT NULL,
  `detalle` int(10) NOT NULL,
  `fecha_emision` datetime NOT NULL,
  `fecha_reparado` datetime NOT NULL,
  `saliente` datetime NOT NULL,
  `desechado` datetime NOT NULL,
  `aceptar_guia` int(2) NOT NULL,
  `reparado` int(2) NOT NULL,
  `entregado` int(10) NOT NULL,
  `id_reparado` int(10) NOT NULL,
  `id_entregado` int(10) NOT NULL,
  PRIMARY KEY (`id_servicio`)
) ENGINE=InnoDB DEFAULT CHARSET=latin1 AUTO_INCREMENT=1 ;

-- --------------------------------------------------------

--
-- Estructura de tabla para la tabla `sub_tipo`
--

CREATE TABLE IF NOT EXISTS `sub_tipo` (
  `id_sub_tipo` int(2) NOT NULL AUTO_INCREMENT,
  `id_tipo` int(2) NOT NULL,
  `nombre` varchar(30) NOT NULL,
  `sub_tipo` text NOT NULL,
  PRIMARY KEY (`id_sub_tipo`)
) ENGINE=InnoDB  DEFAULT CHARSET=latin1 AUTO_INCREMENT=21 ;

--
-- Volcado de datos para la tabla `sub_tipo`
--

INSERT INTO `sub_tipo` (`id_sub_tipo`, `id_tipo`, `nombre`, `sub_tipo`) VALUES
(1, 1, 'Laptop', 'Marca'),
(2, 1, 'Laptop', 'Modelo'),
(3, 1, 'Laptop', 'Nro Serie'),
(4, 1, 'Laptop', 'Procesador'),
(5, 1, 'Laptop', 'Memoria Ram'),
(6, 1, 'Laptop', 'Disco Duro'),
(7, 2, 'Computadora', 'Marca'),
(8, 2, 'Computadora', 'Modelo'),
(9, 2, 'Computadora', 'Placa'),
(10, 2, 'Computadora', 'Procesador'),
(11, 2, 'Computadora', 'Memoria Ram'),
(12, 2, 'Computadora', 'Disco Duro'),
(13, 3, 'Impresora', 'Tipo'),
(14, 3, 'Impresora', 'Marca'),
(15, 3, 'Impresora', 'Modelo'),
(16, 3, 'Impresora', 'Nro Serie'),
(17, 4, 'Monitor', 'Marca'),
(18, 4, 'Monitor', 'Modelo'),
(19, 4, 'Monitor', 'Nro Serie'),
(20, 4, 'Monitor', 'Tama침o de Pantalla');

-- --------------------------------------------------------

--
-- Estructura de tabla para la tabla `sucursal`
--

CREATE TABLE IF NOT EXISTS `sucursal` (
  `id_sucursal` int(10) NOT NULL AUTO_INCREMENT,
  `tienda` int(10) NOT NULL,
  `nombre` varchar(100) NOT NULL,
  `ruc` varchar(20) NOT NULL,
  `direccion` text NOT NULL,
  `correo` varchar(100) NOT NULL,
  `telefono` varchar(100) NOT NULL,
  `foto` varchar(100) NOT NULL,
  `ubigeo` varchar(10) NOT NULL,
  `caja` int(2) NOT NULL,
  `dep_suc` varchar(100) NOT NULL,
  `pro_suc` varchar(100) NOT NULL,
  `dis_suc` varchar(100) NOT NULL,
  PRIMARY KEY (`id_sucursal`)
) ENGINE=InnoDB  DEFAULT CHARSET=latin1 AUTO_INCREMENT=2 ;

--
-- Volcado de datos para la tabla `sucursal`
--

INSERT INTO `sucursal` (`id_sucursal`, `tienda`, `nombre`, `ruc`, `direccion`, `correo`, `telefono`, `foto`, `ubigeo`, `caja`, `dep_suc`, `pro_suc`, `dis_suc`) VALUES
(1, 1, 'APK RESTAURANT', '10256964975', ' ', 'NOREPLY@MIEMPRESAONLINE.CL', '948680136', 'sucursal1.jpg', ' ', 1, ' ', ' ', ' ');

-- --------------------------------------------------------

--
-- Estructura de tabla para la tabla `tipo`
--

CREATE TABLE IF NOT EXISTS `tipo` (
  `id_tipo` int(2) NOT NULL AUTO_INCREMENT,
  `tipo` varchar(30) NOT NULL,
  PRIMARY KEY (`id_tipo`)
) ENGINE=InnoDB  DEFAULT CHARSET=latin1 AUTO_INCREMENT=5 ;

--
-- Volcado de datos para la tabla `tipo`
--

INSERT INTO `tipo` (`id_tipo`, `tipo`) VALUES
(1, 'Laptops'),
(2, 'Computadoras'),
(3, 'Impresoras'),
(4, 'Monitores');

-- --------------------------------------------------------

--
-- Estructura de tabla para la tabla `tmp`
--

CREATE TABLE IF NOT EXISTS `tmp` (
  `id_tmp` int(11) NOT NULL AUTO_INCREMENT,
  `id_producto` varchar(100) COLLATE utf8_unicode_ci NOT NULL,
  `cantidad_tmp` decimal(7,2) NOT NULL,
  `precio_tmp` double(8,2) DEFAULT NULL,
  `session_id` varchar(100) COLLATE utf8_unicode_ci NOT NULL,
  `tienda` decimal(7,2) NOT NULL,
  PRIMARY KEY (`id_tmp`)
) ENGINE=MyISAM  DEFAULT CHARSET=utf8 COLLATE=utf8_unicode_ci AUTO_INCREMENT=8825 ;

--
-- Volcado de datos para la tabla `tmp`
--

INSERT INTO `tmp` (`id_tmp`, `id_producto`, `cantidad_tmp`, `precio_tmp`, `session_id`, `tienda`) VALUES
(8809, '1369', '1.00', 25.00, 'kiqjf5q93pv8ido3516047a8j3', '1000.00'),
(8808, '1369', '1.00', 25.00, 'kiqjf5q93pv8ido3516047a8j3', '1000.00'),
(8810, '1373', '1.00', 22.00, 'kiqjf5q93pv8ido3516047a8j3', '1000.00');

-- --------------------------------------------------------

--
-- Estructura de tabla para la tabla `und`
--

CREATE TABLE IF NOT EXISTS `und` (
  `id_und` int(2) NOT NULL AUTO_INCREMENT,
  `nom_und` varchar(100) NOT NULL,
  `cod_und` varchar(4) NOT NULL,
  `xml_und` varchar(4) NOT NULL,
  PRIMARY KEY (`id_und`)
) ENGINE=InnoDB  DEFAULT CHARSET=latin1 AUTO_INCREMENT=63 ;

--
-- Volcado de datos para la tabla `und`
--

INSERT INTO `und` (`id_und`, `nom_und`, `cod_und`, `xml_und`) VALUES
(1, 'UNIDAD                           ', '', 'NIU'),
(2, 'BOBINAS                                               ', '', '4A'),
(3, 'BALDE                                                 ', '', 'BJ'),
(4, 'BARRILES                                              ', '', 'BLL'),
(5, 'BOLSA                                                 ', '', 'BG'),
(6, 'BOTELLAS                                              ', '', 'BO'),
(7, 'CAJA                                                  ', '', 'BX'),
(8, 'CARTONES                                              ', '', 'CT'),
(9, 'CENTIMETRO CUADRADO                                   ', '', 'CMK'),
(10, 'CENTIMETRO CUBICO                                     ', '', 'CMQ'),
(11, 'CENTIMETRO LINEAL                                     ', '', 'CMT'),
(12, 'CIENTO DE UNIDADES                                    ', '', 'CEN'),
(13, 'CILINDRO                                              ', '', 'CY'),
(14, 'CONOS                                                 ', '', 'CJ'),
(15, 'DOCENA                                                ', '', 'DZN'),
(16, 'DOCENA POR 10**6                                      ', '', 'DZP'),
(17, 'FARDO                                                 ', '', 'BE'),
(18, 'GALON INGLES (4,545956L)', '', 'GLI'),
(19, 'GRAMO                                                 ', '', 'GRM'),
(20, 'GRUESA                                                ', '', 'GRO'),
(21, 'HECTOLITRO                                            ', '', 'HLT'),
(22, 'HOJA                                                  ', '', 'LEF'),
(23, 'JUEGO                                                 ', '', 'SET'),
(24, 'KILOGRAMO                                             ', '', 'KGM'),
(25, 'KILOMETRO                                             ', '', 'KTM'),
(26, 'KILOVATIO HORA                                        ', '', 'KWH'),
(27, 'KIT                                                   ', '', 'KT'),
(28, 'LATAS                                                 ', '', 'CA'),
(29, 'LIBRAS                                                ', '', 'LBR'),
(30, 'LITRO                                                 ', '', 'LTR'),
(31, 'MEGAWATT HORA                                         ', '', 'MWH'),
(32, 'METRO                                                 ', '', 'MTR'),
(33, 'METRO CUADRADO                                        ', '', 'MTK'),
(34, 'METRO CUBICO                                          ', '', 'MTQ'),
(35, 'MILIGRAMOS                                            ', '', 'MGM'),
(36, 'MILILITRO                                             ', '', 'MLT'),
(37, 'MILIMETRO                                             ', '', 'MMT'),
(38, 'MILIMETRO CUADRADO                                    ', '', 'MMK'),
(39, 'MILIMETRO CUBICO                                      ', '', 'MMQ'),
(40, 'MILLARES                                              ', '', 'MLL'),
(41, 'MILLON DE UNIDADES                                    ', '', 'UM'),
(42, 'ONZAS                                                 ', '', 'ONZ'),
(43, 'PALETAS                                               ', '', 'PF'),
(44, 'PAQUETE                                               ', '', 'PK'),
(45, 'PAR                                                   ', '', 'PR'),
(46, 'PIES                                                  ', '', 'FOT'),
(47, 'PIES CUADRADOS                                        ', '', 'FTK'),
(48, 'PIES CUBICOS                                          ', '', 'FTQ'),
(49, 'PIEZAS                                                ', '', 'C62'),
(50, 'PLACAS                                                ', '', 'PG'),
(51, 'PLIEGO                                                ', '', 'ST'),
(52, 'PULGADAS                                              ', '', 'INH'),
(53, 'RESMA                                                 ', '', 'RM'),
(54, 'TAMBOR                                                ', '', 'DR'),
(55, 'TONELADA CORTA                                        ', '', 'STN'),
(56, 'TONELADA LARGA                                        ', '', 'LTN'),
(57, 'TONELADAS                                             ', '', 'TNE'),
(58, 'TUBOS                                                 ', '', 'TU'),
(59, 'UNIDAD (SERVICIOS) ', '', 'ZZ'),
(60, 'US GALON (3,7843 L)', '', 'GLL'),
(61, 'YARDA                                                 ', '', 'YRD'),
(62, 'YARDA CUADRADA                                        ', '', 'YDK');

-- --------------------------------------------------------

--
-- Estructura de tabla para la tabla `users`
--

CREATE TABLE IF NOT EXISTS `users` (
  `user_id` int(11) NOT NULL AUTO_INCREMENT COMMENT 'auto incrementing user_id of each user, unique index',
  `nombres` varchar(50) COLLATE utf8_unicode_ci NOT NULL,
  `clave` longtext COLLATE utf8_unicode_ci NOT NULL,
  `user_name` varchar(64) COLLATE utf8_unicode_ci NOT NULL COMMENT 'user''s name, unique',
  `hora` time NOT NULL,
  `user_email` varchar(64) COLLATE utf8_unicode_ci NOT NULL COMMENT 'user''s email, unique',
  `date_added` datetime NOT NULL,
  `accesos` varchar(255) COLLATE utf8_unicode_ci NOT NULL,
  `dni` varchar(200) COLLATE utf8_unicode_ci NOT NULL,
  `domicilio` text COLLATE utf8_unicode_ci NOT NULL,
  `telefono` text COLLATE utf8_unicode_ci NOT NULL,
  `sucursal` int(2) NOT NULL,
  `foto` varchar(50) COLLATE utf8_unicode_ci NOT NULL,
  PRIMARY KEY (`user_id`),
  UNIQUE KEY `user_name` (`user_name`),
  UNIQUE KEY `user_email` (`user_email`)
) ENGINE=InnoDB  DEFAULT CHARSET=utf8 COLLATE=utf8_unicode_ci COMMENT='user data' AUTO_INCREMENT=2 ;

--
-- Volcado de datos para la tabla `users`
--

INSERT INTO `users` (`user_id`, `nombres`, `clave`, `user_name`, `hora`, `user_email`, `date_added`, `accesos`, `dni`, `domicilio`, `telefono`, `sucursal`, `foto`) VALUES
(1, 'ADMINISTRADOR', 'PASSWORD', 'ADMIN', '08:00:00', 'ADMIN@ADMIN.COM', '2016-05-21 15:06:00', '1.1.1.1.1.1.1.1.1.1.1.1.1.1.1.1.1.1.1.1.1..1.1.1.1.1.1.1.1.1.1.1.1.1.1.1.1.1.1.1.1.1.1......1.1.1.', '00000000', 'JIRON SANTA MARIA 177 - URB. PALAO', '951345257', 1, 'usuario1.jpg');

-- --------------------------------------------------------

--
-- Estructura de tabla para la tabla `usuario`
--

CREATE TABLE IF NOT EXISTS `usuario` (
  `id_usuario` int(10) NOT NULL AUTO_INCREMENT,
  `nombre_usuario` varchar(100) NOT NULL,
  `usuario` varchar(50) NOT NULL,
  `clave` text NOT NULL,
  `email` varchar(50) NOT NULL,
  PRIMARY KEY (`id_usuario`)
) ENGINE=InnoDB DEFAULT CHARSET=latin1 AUTO_INCREMENT=1 ;

/*!40101 SET CHARACTER_SET_CLIENT=@OLD_CHARACTER_SET_CLIENT */;
/*!40101 SET CHARACTER_SET_RESULTS=@OLD_CHARACTER_SET_RESULTS */;
/*!40101 SET COLLATION_CONNECTION=@OLD_COLLATION_CONNECTION */;
